id,first_name,last_name,email,gender,dob
1,Edyth,Glencrash,eglencrash0@sun.com,Female,3/28/1985
2,Valry,Chazier,vchazier1@dedecms.com,Female,5/10/1984
3,Jerad,Kneesha,jkneesha2@edublogs.org,Male,8/18/1994
4,Kipper,Rustan,krustan3@cbslocal.com,Male,5/15/1992
5,Boris,Goane,bgoane4@ed.gov,Male,3/10/1986
6,Gabe,Walch,gwalch5@reference.com,Male,9/2/2003
7,Nevin,Ingray,ningray6@freewebs.com,Male,1/13/1992
8,Wilbur,Sulter,wsulter7@exblog.jp,Male,6/16/1987
9,Diann,Drake,ddrake8@goo.ne.jp,Female,4/4/2022
10,Bartholomeus,Brownlea,bbrownlea9@mashable.com,Male,12/4/2019
11,Gifford,Everall,geveralla@princeton.edu,Male,4/13/2009
12,Jane,Ferrier,jferrierb@engadget.com,Female,11/18/1970
13,Noel,Beldam,nbeldamc@wikimedia.org,Female,1/9/1983
14,Tamas,Eldered,telderedd@amazon.de,Non-binary,7/29/1988
15,Trula,Macveigh,tmacveighe@diigo.com,Female,8/24/1996
16,Larissa,McCafferky,lmccafferkyf@t-online.de,Female,12/30/1976
17,Mahala,Hitcham,mhitchamg@japanpost.jp,Female,11/15/2016
18,Hally,O'Grada,hogradah@alexa.com,Female,12/21/1973
19,Shirline,Yankin,syankini@cbslocal.com,Female,2/7/2015
20,Alwin,Shilleto,ashilletoj@patch.com,Male,1/31/1987
21,Dennison,Doumer,ddoumerk@cargocollective.com,Male,1/17/1971
22,Ringo,Halvorsen,rhalvorsenl@ca.gov,Male,9/27/1982
23,Glyn,Ferriday,gferridaym@goo.ne.jp,Female,8/31/1975
24,Isobel,Holdforth,iholdforthn@dyndns.org,Female,11/11/1990
25,Thane,Moth,tmotho@icio.us,Male,2/18/2001
26,Chance,Glassup,cglassupp@discovery.com,Male,8/28/1972
27,Aluino,Dundendale,adundendaleq@sphinn.com,Male,11/20/2017
28,Karyn,Rizon,krizonr@cafepress.com,Female,7/19/2010
29,Lockwood,Glandon,lglandons@reuters.com,Male,12/25/1985
30,Susanetta,Torbett,storbettt@comsenz.com,Female,11/13/1997
31,Bear,Dael,bdaelu@imgur.com,Male,1/4/2011
32,Devy,Corish,dcorishv@apache.org,Male,3/23/1987
33,Geoffrey,Studdeard,gstuddeardw@constantcontact.com,Male,3/23/1975
34,Scottie,Ryder,sryderx@jiathis.com,Male,5/8/1984
35,Theodore,Caddan,tcaddany@wunderground.com,Male,8/23/1980
36,Penelope,Gathercoal,pgathercoalz@accuweather.com,Female,12/24/2017
37,Brantley,McMurty,bmcmurty10@dmoz.org,Male,4/20/2017
38,Worth,Hammerson,whammerson11@princeton.edu,Male,11/24/1985
39,Gianna,Yegorchenkov,gyegorchenkov12@wiley.com,Female,3/13/2021
40,Jannelle,Livsey,jlivsey13@bbc.co.uk,Female,8/3/1998
41,Shelly,Vanstone,svanstone14@example.com,Female,11/26/1983
42,Gallagher,Tubritt,gtubritt15@icq.com,Male,12/21/1993
43,Theodore,Wride,twride16@spiegel.de,Male,3/20/1991
44,Gerhardine,Hallut,ghallut17@chron.com,Female,8/7/2014
45,Willow,Sibbs,wsibbs18@stumbleupon.com,Female,10/30/1976
46,Corliss,Nockalls,cnockalls19@nhs.uk,Female,11/2/1993
47,Marlin,Fishpoole,mfishpoole1a@people.com.cn,Male,11/29/1970
48,Guenna,Hurrion,ghurrion1b@clickbank.net,Female,5/15/1988
49,Deva,Pettican,dpettican1c@altervista.org,Female,5/1/2016
50,Saul,Tonkes,stonkes1d@blog.com,Male,8/25/1998
51,Lauren,Meakes,lmeakes1e@de.vu,Female,6/3/1982
52,Edythe,Kopf,ekopf1f@tripod.com,Female,7/14/1988
53,Ellerey,Bruton,ebruton1g@aol.com,Male,4/22/1991
54,Tiffy,Raggatt,traggatt1h@ucla.edu,Female,3/31/1999
55,Dionis,Scarlin,dscarlin1i@bbc.co.uk,Polygender,3/1/2001
56,Ulrick,Limeburn,ulimeburn1j@freewebs.com,Male,7/17/1996
57,Tansy,Eakin,teakin1k@facebook.com,Female,7/27/2013
58,Charlotte,Gagan,cgagan1l@cloudflare.com,Female,12/13/1997
59,Ody,Estcot,oestcot1m@squidoo.com,Male,7/18/1971
60,Deni,Kettlestring,dkettlestring1n@uol.com.br,Female,11/23/1997
61,Stavros,Vignaux,svignaux1o@facebook.com,Bigender,9/23/1998
62,Jarad,Murdy,jmurdy1p@princeton.edu,Male,9/29/1971
63,Dawn,Prendergast,dprendergast1q@shareasale.com,Female,2/18/2014
64,Reyna,Eisikovitsh,reisikovitsh1r@miibeian.gov.cn,Female,7/2/1978
65,Leonard,Sibthorp,lsibthorp1s@opera.com,Male,8/4/1982
66,Rolando,Ruggen,rruggen1t@state.tx.us,Male,3/21/1988
67,Neddy,Cordner,ncordner1u@nasa.gov,Male,11/19/1984
68,Kippar,Hopewell,khopewell1v@squidoo.com,Male,6/11/1976
69,Darcie,Kahan,dkahan1w@youtube.com,Female,1/22/1976
70,Gerhardine,Macveigh,gmacveigh1x@ning.com,Female,10/5/1975
71,Franny,Nicol,fnicol1y@dion.ne.jp,Male,9/25/1985
72,Nicola,Hares,nhares1z@bbc.co.uk,Female,2/14/2021
73,Madelyn,Hek,mhek20@state.tx.us,Female,10/20/2008
74,Flinn,Syrett,fsyrett21@umn.edu,Male,11/3/2012
75,Anatola,Gimblet,agimblet22@myspace.com,Female,8/7/2010
76,Kiri,Cavil,kcavil23@foxnews.com,Female,5/23/1985
77,Grannie,Draayer,gdraayer24@aol.com,Male,9/30/2018
78,Benny,Valentinuzzi,bvalentinuzzi25@de.vu,Female,5/26/1990
79,Borden,Worts,bworts26@devhub.com,Male,9/13/2012
80,Ashia,McCord,amccord27@moonfruit.com,Female,4/5/1993
81,Hernando,Attridge,hattridge28@weebly.com,Male,10/21/2009
82,Kev,Prowting,kprowting29@rediff.com,Male,7/4/2020
83,Moyna,Bosworth,mbosworth2a@bbb.org,Female,5/29/1997
84,Ferrell,Ecclestone,fecclestone2b@ft.com,Male,2/13/1983
85,Annalise,Falconer-Taylor,afalconertaylor2c@cbslocal.com,Female,6/18/2001
86,Costa,Lownsbrough,clownsbrough2d@naver.com,Male,7/29/1990
87,Felicity,Hardwich,fhardwich2e@posterous.com,Female,7/31/2014
88,Octavius,Guiraud,oguiraud2f@omniture.com,Male,5/5/1990
89,Doralyn,Jevon,djevon2g@cbc.ca,Female,11/25/1999
90,Tully,Silversmid,tsilversmid2h@harvard.edu,Male,3/19/1972
91,Tawsha,Hovert,thovert2i@hud.gov,Female,7/8/2016
92,Egon,Tremontana,etremontana2j@intel.com,Male,4/18/1986
93,Salli,Goodall,sgoodall2k@bizjournals.com,Female,9/10/2008
94,Mariejeanne,Morefield,mmorefield2l@wix.com,Female,9/28/1981
95,Godfree,Beddon,gbeddon2m@hao123.com,Male,4/22/1993
96,Rutter,Drawmer,rdrawmer2n@mit.edu,Male,9/30/2006
97,Andras,Ethelston,aethelston2o@cocolog-nifty.com,Male,6/2/2006
98,Mayne,Heartfield,mheartfield2p@huffingtonpost.com,Male,1/8/2009
99,Koenraad,Romans,kromans2q@state.tx.us,Male,5/26/1985
100,Kelvin,Hickeringill,khickeringill2r@merriam-webster.com,Male,6/22/1988
101,Vinita,Sketch,vsketch2s@lulu.com,Bigender,10/30/1973
102,Bob,Tinson,btinson2t@ibm.com,Male,2/27/1976
103,Cairistiona,Sidebotton,csidebotton2u@com.com,Female,5/16/1977
104,Umberto,Gilligan,ugilligan2v@xing.com,Male,11/10/1992
105,Calvin,Draxford,cdraxford2w@cnbc.com,Male,12/31/1999
106,Callida,Trenholm,ctrenholm2x@unblog.fr,Female,3/10/1988
107,Ricoriki,Bullivent,rbullivent2y@admin.ch,Male,12/7/2016
108,Genvieve,Arnely,garnely2z@alibaba.com,Female,1/4/1985
109,Sayre,M'Barron,smbarron30@blogger.com,Male,10/5/1977
110,Carmencita,Percifull,cpercifull31@jugem.jp,Agender,4/11/2011
111,Marcel,Gaskin,mgaskin32@opensource.org,Male,12/24/2012
112,Dorine,Yurtsev,dyurtsev33@skyrock.com,Female,5/7/1975
113,Elisabet,Stych,estych34@youtu.be,Female,7/26/1992
114,Sherwynd,Chander,schander35@pen.io,Male,6/3/2018
115,Ted,Balls,tballs36@mlb.com,Male,10/21/1993
116,Libbey,Smalman,lsmalman37@bloglines.com,Female,4/15/2002
117,Alonso,Randerson,aranderson38@seattletimes.com,Male,8/14/1983
118,Melicent,McBayne,mmcbayne39@google.pl,Female,5/7/1971
119,Ernst,Sybry,esybry3a@uol.com.br,Polygender,3/28/1975
120,Nikolai,Behning,nbehning3b@guardian.co.uk,Male,10/27/1970
121,Maia,Boldecke,mboldecke3c@weibo.com,Female,4/27/1973
122,Ingeberg,Poundford,ipoundford3d@google.com.br,Female,8/29/1989
123,Micaela,Roome,mroome3e@weebly.com,Female,11/13/1975
124,Laureen,Ritchman,lritchman3f@about.com,Female,8/8/2018
125,Sansone,Newlands,snewlands3g@google.com.au,Male,12/30/1976
126,Melody,Philippault,mphilippault3h@wufoo.com,Female,11/4/2004
127,Estrellita,Kirvin,ekirvin3i@slate.com,Female,11/7/1982
128,Franky,Burchall,fburchall3j@biglobe.ne.jp,Female,9/14/2004
129,Archibaldo,Dumpleton,adumpleton3k@technorati.com,Male,8/6/1971
130,Camila,Shewen,cshewen3l@mac.com,Polygender,4/26/1996
131,Lorna,Tummond,ltummond3m@163.com,Female,9/22/1987
132,Sianna,Mattiuzzi,smattiuzzi3n@gov.uk,Bigender,11/3/1987
133,Cristionna,Shillabeare,cshillabeare3o@theglobeandmail.com,Female,1/26/1980
134,Reed,Rouby,rrouby3p@hexun.com,Male,7/24/2007
135,Caddric,MacNeilley,cmacneilley3q@opensource.org,Male,2/7/1984
136,Natala,De Brett,ndebrett3r@posterous.com,Female,9/30/1996
137,Seth,Siddle,ssiddle3s@census.gov,Male,10/22/2012
138,Hanson,Hartnup,hhartnup3t@t-online.de,Male,12/20/1978
139,Trish,Jaqueme,tjaqueme3u@pagesperso-orange.fr,Female,6/6/2021
140,Linc,McVrone,lmcvrone3v@blogtalkradio.com,Male,1/15/2002
141,Berk,Shorte,bshorte3w@umn.edu,Male,11/27/2015
142,Lavinie,Clemenson,lclemenson3x@yolasite.com,Female,12/10/1977
143,Rudd,Forton,rforton3y@arstechnica.com,Male,4/18/1993
144,Sally,Clarke,sclarke3z@printfriendly.com,Female,12/21/1999
145,Alida,Hartlebury,ahartlebury40@house.gov,Female,8/18/1973
146,Clemence,Bagger,cbagger41@elegantthemes.com,Female,5/13/1992
147,Pincus,Brunner,pbrunner42@go.com,Male,6/11/2016
148,Tomi,Shay,tshay43@typepad.com,Female,11/16/1973
149,Dalt,Ingman,dingman44@opera.com,Male,4/2/2022
150,Benetta,Bruniges,bbruniges45@sitemeter.com,Bigender,12/31/1984
151,Gordan,Lorimer,glorimer46@paypal.com,Male,9/16/2000
152,Rufus,Pullar,rpullar47@godaddy.com,Agender,1/13/1990
153,Gray,Heersma,gheersma48@nhs.uk,Male,3/15/1993
154,Conn,Campos,ccampos49@discuz.net,Male,5/24/1999
155,Faber,Salzberger,fsalzberger4a@de.vu,Non-binary,1/3/2002
156,Trev,Gierek,tgierek4b@state.tx.us,Male,8/12/1977
157,Martino,Hawley,mhawley4c@nbcnews.com,Male,10/19/1975
158,Kizzee,Burnup,kburnup4d@newyorker.com,Female,6/24/1982
159,William,Chill,wchill4e@addtoany.com,Male,11/24/1994
160,Lilias,Hembling,lhembling4f@smugmug.com,Female,11/25/1995
161,Merv,Pechard,mpechard4g@gizmodo.com,Agender,4/15/1982
162,Hill,Cotes,hcotes4h@tmall.com,Non-binary,8/23/2006
163,Doti,Ogborne,dogborne4i@naver.com,Female,3/29/1981
164,Merrill,Powe,mpowe4j@fotki.com,Male,2/10/1994
165,Ray,Kuller,rkuller4k@yolasite.com,Male,2/10/1985
166,Thorstein,Iwanowski,tiwanowski4l@digg.com,Male,7/23/2003
167,Jody,Rucklesse,jrucklesse4m@examiner.com,Bigender,10/1/1989
168,Vivien,Brough,vbrough4n@zimbio.com,Female,6/24/2003
169,Hollyanne,Seaborne,hseaborne4o@biblegateway.com,Genderqueer,8/4/2021
170,Harriet,Bosence,hbosence4p@biglobe.ne.jp,Female,6/26/2007
171,Kin,Dollard,kdollard4q@discovery.com,Male,11/27/1970
172,Joli,Alltimes,jalltimes4r@usnews.com,Female,7/8/2001
173,Carline,Stennings,cstennings4s@seesaa.net,Female,8/24/2015
174,Estell,Steggles,esteggles4t@tuttocitta.it,Female,7/23/1975
175,Giffer,Semeradova,gsemeradova4u@posterous.com,Male,10/5/1986
176,Timothy,Hussy,thussy4v@latimes.com,Male,4/19/2011
177,Adeline,Depper,adepper4w@twitpic.com,Female,7/13/2004
178,Helaine,Jumeau,hjumeau4x@si.edu,Female,5/24/2021
179,Zachary,Dackombe,zdackombe4y@oracle.com,Male,8/19/1997
180,Tammie,Gladding,tgladding4z@topsy.com,Male,11/15/1989
181,Cassandre,Scandrick,cscandrick50@constantcontact.com,Female,7/27/1985
182,Jeremy,Sygroves,jsygroves51@seattletimes.com,Male,4/1/1981
183,Cherish,Elletson,celletson52@reference.com,Female,7/28/2017
184,Burgess,Southwood,bsouthwood53@cnbc.com,Male,6/10/1991
185,Rhoda,Sporrij,rsporrij54@ow.ly,Female,1/19/1979
186,Rhona,Joney,rjoney55@tiny.cc,Female,6/8/1991
187,Walliw,Machon,wmachon56@si.edu,Female,8/11/1972
188,Felipa,Prue,fprue57@dailymotion.com,Female,10/11/2005
189,Gabi,Lindeberg,glindeberg58@blogger.com,Female,2/13/2022
190,Maryellen,Crottagh,mcrottagh59@sciencedirect.com,Female,11/11/2020
191,Glen,Yockney,gyockney5a@1688.com,Male,3/8/2008
192,Myrta,Moxsom,mmoxsom5b@technorati.com,Female,4/2/2003
193,Hillery,Southall,hsouthall5c@japanpost.jp,Male,4/8/1993
194,Annamarie,Dansken,adansken5d@netvibes.com,Female,7/26/1972
195,Nanice,Kelleway,nkelleway5e@addtoany.com,Female,7/29/1976
196,Noak,Prinne,nprinne5f@cnn.com,Male,6/29/2004
197,Dalt,Woodcraft,dwoodcraft5g@dyndns.org,Male,10/11/1981
198,Shandeigh,Nairne,snairne5h@chronoengine.com,Female,2/20/1993
199,Chlo,Wettern,cwettern5i@umn.edu,Female,1/1/2002
200,Barrie,Michel,bmichel5j@altervista.org,Male,4/23/1996
201,Lucina,Serfati,lserfati5k@cyberchimps.com,Female,5/14/1976
202,Orbadiah,Maybery,omaybery5l@eventbrite.com,Male,12/5/1994
203,Toby,de Vaen,tdevaen5m@europa.eu,Agender,2/6/1979
204,Davidson,Morot,dmorot5n@globo.com,Male,2/17/1988
205,Farly,DelaField,fdelafield5o@networkadvertising.org,Male,9/30/1971
206,Karel,Hawthorne,khawthorne5p@foxnews.com,Male,9/19/1972
207,Essy,Folley,efolley5q@multiply.com,Female,10/29/1994
208,Morgana,Kelson,mkelson5r@sphinn.com,Female,3/11/2008
209,Akim,Oatley,aoatley5s@arizona.edu,Male,2/23/2016
210,Keith,Benbow,kbenbow5t@parallels.com,Male,3/26/1979
211,Ingunna,Sustin,isustin5u@bluehost.com,Female,7/17/2010
212,Jeramie,Franceschelli,jfranceschelli5v@tamu.edu,Male,8/21/2008
213,Brocky,Bowle,bbowle5w@chronoengine.com,Male,9/17/2003
214,Ursola,Nyssens,unyssens5x@rakuten.co.jp,Female,9/9/1972
215,Grantley,Southwick,gsouthwick5y@example.com,Male,4/13/2019
216,Elston,Pumfrett,epumfrett5z@bandcamp.com,Male,8/6/1980
217,Charisse,Duester,cduester60@bigcartel.com,Female,7/10/2006
218,Christophe,Towe,ctowe61@indiegogo.com,Male,6/3/1993
219,Mirelle,Wren,mwren62@is.gd,Female,11/7/2008
220,Galven,Knivett,gknivett63@cbc.ca,Male,3/6/1988
221,Cary,Hurren,churren64@yandex.ru,Agender,4/9/1988
222,Ozzy,Klousner,oklousner65@bluehost.com,Male,10/12/1986
223,Steffi,Rohlfing,srohlfing66@washingtonpost.com,Female,11/8/2008
224,Ruprecht,Caldeiro,rcaldeiro67@dell.com,Male,9/15/2006
225,Rock,Checci,rchecci68@facebook.com,Male,7/28/1979
226,Hamil,Porteous,hporteous69@hugedomains.com,Male,9/19/1978
227,Abram,Gregoli,agregoli6a@51.la,Male,8/1/2022
228,Dillie,Duffil,dduffil6b@zimbio.com,Male,11/12/1976
229,Glynn,Runchman,grunchman6c@nature.com,Male,4/13/1993
230,Xever,Strivens,xstrivens6d@digg.com,Male,4/28/1975
231,Elke,Ormiston,eormiston6e@list-manage.com,Female,3/11/1971
232,Delia,Cullip,dcullip6f@yelp.com,Female,2/22/1985
233,Gertruda,Shapcott,gshapcott6g@webmd.com,Female,10/21/2000
234,Halette,Brazener,hbrazener6h@ovh.net,Female,2/10/1990
235,Amelita,Ridsdell,aridsdell6i@dailymotion.com,Female,9/30/1995
236,Zarla,Boyer,zboyer6j@tuttocitta.it,Female,7/17/1980
237,Tobie,Drews,tdrews6k@businessinsider.com,Male,9/29/2003
238,Maddi,Gavahan,mgavahan6l@chicagotribune.com,Female,2/24/1994
239,Jared,Bakey,jbakey6m@seattletimes.com,Male,10/21/1983
240,Ronni,Irons,rirons6n@liveinternet.ru,Female,2/24/2007
241,Monika,Norcliffe,mnorcliffe6o@ihg.com,Female,2/7/2002
242,Ezechiel,Dukes,edukes6p@nps.gov,Male,5/3/1996
243,Willette,Castro,wcastro6q@who.int,Female,4/11/2005
244,Teodorico,Gynn,tgynn6r@icq.com,Male,7/28/2022
245,Leonhard,Whittleton,lwhittleton6s@shutterfly.com,Male,3/19/1979
246,Nichole,Draisey,ndraisey6t@ameblo.jp,Polygender,3/12/1991
247,Vernor,Udall,vudall6u@youtube.com,Male,4/25/2014
248,Ranique,Fortoun,rfortoun6v@free.fr,Female,10/5/1970
249,Denice,Sneesby,dsneesby6w@jalbum.net,Polygender,3/11/2008
250,Zack,Baford,zbaford6x@ameblo.jp,Male,10/4/1997
251,Meggi,Freund,mfreund6y@ucla.edu,Female,4/26/2016
252,Ynes,Parriss,yparriss6z@tamu.edu,Female,5/28/1980
253,Georgi,Clarridge,gclarridge70@ucoz.ru,Male,9/9/1987
254,Janene,Stallon,jstallon71@parallels.com,Female,10/17/1982
255,Virge,Kirmond,vkirmond72@hexun.com,Male,11/14/1983
256,Humberto,Greenway,hgreenway73@kickstarter.com,Male,3/6/2019
257,Ashby,Cridlin,acridlin74@salon.com,Male,9/22/2012
258,Eddie,Glanester,eglanester75@statcounter.com,Male,3/20/1984
259,Micheil,Campes,mcampes76@edublogs.org,Male,10/9/2008
260,Garret,Uridge,guridge77@php.net,Male,10/11/1998
261,Perl,Blacket,pblacket78@businessinsider.com,Female,9/13/1972
262,Maury,Brundill,mbrundill79@imdb.com,Agender,2/26/1998
263,Rosa,Sange,rsange7a@reference.com,Female,9/8/2019
264,Casey,Brecknall,cbrecknall7b@sohu.com,Male,5/1/2000
265,Clemmy,Bockmaster,cbockmaster7c@amazon.com,Female,12/12/2002
266,Cilka,Lepope,clepope7d@cyberchimps.com,Female,8/7/1996
267,Shirlee,Santino,ssantino7e@imgur.com,Female,11/13/2006
268,Shanda,Tutsell,stutsell7f@fc2.com,Female,2/13/2005
269,Myrwyn,Brogden,mbrogden7g@webnode.com,Male,8/1/2016
270,Selene,Rickword,srickword7h@imgur.com,Female,6/1/2018
271,Ariel,Ewbank,aewbank7i@arstechnica.com,Bigender,10/18/2002
272,Christean,McNair,cmcnair7j@latimes.com,Female,5/25/1992
273,Boycie,Figgess,bfiggess7k@utexas.edu,Male,12/18/1981
274,Maje,Sammon,msammon7l@usnews.com,Male,7/5/2001
275,Cedric,Bisiker,cbisiker7m@free.fr,Male,6/21/2022
276,Abran,Clericoates,aclericoates7n@live.com,Male,6/9/1990
277,Angeline,Grewar,agrewar7o@microsoft.com,Female,9/15/1999
278,Mil,Dingley,mdingley7p@clickbank.net,Female,5/13/1982
279,Ursulina,Randals,urandals7q@google.nl,Polygender,10/26/1995
280,Tait,Ravelus,travelus7r@mediafire.com,Male,6/29/2010
281,Effie,Harget,eharget7s@flickr.com,Female,5/31/2014
282,Catarina,O'Glassane,coglassane7t@theguardian.com,Genderqueer,7/4/2021
283,Christal,Pic,cpic7u@guardian.co.uk,Female,6/9/1998
284,Isac,Kingsmill,ikingsmill7v@about.com,Male,9/9/2005
285,Weider,Langthorne,wlangthorne7w@comcast.net,Polygender,6/14/2019
286,Pepito,Roggers,proggers7x@seattletimes.com,Male,10/28/2001
287,Crosby,MacTrustrie,cmactrustrie7y@pcworld.com,Male,8/6/1981
288,Feodora,Caddell,fcaddell7z@4shared.com,Female,12/18/1972
289,Madlin,Ingliss,mingliss80@dell.com,Genderfluid,7/8/1983
290,Sheila,Akess,sakess81@tmall.com,Female,10/16/2002
291,Nikolaos,Elleyne,nelleyne82@businesswire.com,Male,8/24/1979
292,Cameron,Addinall,caddinall83@huffingtonpost.com,Male,6/8/2009
293,Kevan,Wooles,kwooles84@google.pl,Male,11/23/2001
294,Abbot,Ollett,aollett85@drupal.org,Male,3/17/2015
295,Ranice,Feares,rfeares86@scribd.com,Female,3/4/2007
296,Goldarina,Dolan,gdolan87@issuu.com,Polygender,7/6/1999
297,Mella,Josephi,mjosephi88@ox.ac.uk,Female,3/24/2011
298,Nicolle,Bushen,nbushen89@whitehouse.gov,Female,5/23/1975
299,Maurits,Petrichat,mpetrichat8a@wikia.com,Male,10/19/1993
300,Ludwig,Trethewey,ltrethewey8b@ocn.ne.jp,Male,6/12/1993
301,Garek,Beggin,gbeggin8c@springer.com,Male,10/8/1988
302,Lewiss,Skene,lskene8d@mediafire.com,Male,3/10/2014
303,Kelsy,Affron,kaffron8e@yandex.ru,Female,11/16/2010
304,Candie,Wilkennson,cwilkennson8f@canalblog.com,Female,12/10/1997
305,Price,MacGibbon,pmacgibbon8g@guardian.co.uk,Male,2/9/1995
306,Aleda,Coatham,acoatham8h@redcross.org,Female,6/18/1982
307,Armstrong,Pietruschka,apietruschka8i@weebly.com,Male,8/25/2021
308,Shelley,Dary,sdary8j@wunderground.com,Female,3/13/1999
309,Catlee,De Bruijne,cdebruijne8k@jimdo.com,Female,5/13/1995
310,Jermain,Ronchetti,jronchetti8l@tmall.com,Male,3/5/1989
311,Fergus,Bernadot,fbernadot8m@dell.com,Bigender,1/20/1981
312,Channa,Benoix,cbenoix8n@princeton.edu,Female,11/24/1998
313,Gasper,Tranfield,gtranfield8o@artisteer.com,Male,10/30/1998
314,Fidela,Wych,fwych8p@mediafire.com,Female,11/26/2016
315,Dudley,Findlow,dfindlow8q@stumbleupon.com,Male,5/11/2022
316,Hazel,Capnerhurst,hcapnerhurst8r@livejournal.com,Female,3/6/2012
317,Lanie,Cunnell,lcunnell8s@de.vu,Male,1/31/1986
318,Freda,Cone,fcone8t@indiegogo.com,Female,8/31/1998
319,Toni,Grishunin,tgrishunin8u@ustream.tv,Female,4/13/1974
320,Dottie,Kinver,dkinver8v@census.gov,Female,2/13/1983
321,Peadar,Foston,pfoston8w@unc.edu,Male,9/29/2003
322,Zacherie,Merill,zmerill8x@bigcartel.com,Male,2/5/1995
323,Onfre,Haddrill,ohaddrill8y@taobao.com,Male,10/9/1980
324,Christabel,Aird,caird8z@github.io,Non-binary,8/18/1998
325,Merrel,Cressy,mcressy90@pbs.org,Male,4/20/1998
326,Kiah,Housecraft,khousecraft91@amazon.de,Female,11/5/2013
327,Jonah,Spurman,jspurman92@go.com,Male,12/25/1976
328,Constantino,Tritten,ctritten93@myspace.com,Male,10/28/2010
329,Rea,Forth,rforth94@noaa.gov,Female,4/30/1994
330,Hillier,Alessandrini,halessandrini95@geocities.com,Male,3/22/1995
331,Dudley,Punyer,dpunyer96@blogs.com,Male,7/18/1989
332,Diandra,Korpal,dkorpal97@google.cn,Female,8/16/1972
333,Crista,Abbison,cabbison98@google.co.uk,Female,4/9/2016
334,Chrysler,Ladbrooke,cladbrooke99@netlog.com,Female,2/21/1981
335,Dex,Blasdale,dblasdale9a@amazon.co.jp,Male,2/2/2010
336,Aundrea,Doche,adoche9b@answers.com,Female,7/12/2017
337,Josi,Berriman,jberriman9c@accuweather.com,Female,10/27/2003
338,Matias,Sweeney,msweeney9d@umich.edu,Male,3/19/1972
339,Zorine,Gregoratti,zgregoratti9e@bluehost.com,Female,6/8/2015
340,Eleanor,Hugo,ehugo9f@people.com.cn,Female,9/1/2012
341,Rhody,Apted,rapted9g@exblog.jp,Female,8/22/1993
342,Lydia,MacDonell,lmacdonell9h@apple.com,Female,4/23/1974
343,Aluino,Bolle,abolle9i@ca.gov,Male,11/4/1986
344,Cy,Aicheson,caicheson9j@toplist.cz,Male,5/12/1972
345,Dex,Fri,dfri9k@jiathis.com,Male,9/10/1999
346,Lindsy,Joynes,ljoynes9l@furl.net,Female,11/16/2013
347,Cass,Swatridge,cswatridge9m@angelfire.com,Female,4/11/1987
348,Nicolai,Shakesby,nshakesby9n@go.com,Male,1/11/1980
349,Dotti,Biskupski,dbiskupski9o@github.com,Genderfluid,11/4/1983
350,Lemmy,Conrath,lconrath9p@typepad.com,Male,2/22/2002
351,Edie,Rizzotto,erizzotto9q@cam.ac.uk,Female,1/24/2002
352,Cally,Mauger,cmauger9r@harvard.edu,Female,6/23/1990
353,Gallagher,Frangione,gfrangione9s@marriott.com,Male,5/1/1973
354,Douglas,Creeboe,dcreeboe9t@nbcnews.com,Male,3/25/1980
355,La verne,Branston,lbranston9u@pagesperso-orange.fr,Female,3/22/2015
356,Kimmi,Dog,kdog9v@163.com,Genderfluid,5/14/1979
357,Rafaellle,Dobble,rdobble9w@homestead.com,Male,4/15/2016
358,Keene,Yeowell,kyeowell9x@skyrock.com,Male,6/8/2004
359,Bordy,Edwinson,bedwinson9y@google.com.br,Male,11/27/1975
360,Jeffie,Pedlow,jpedlow9z@sogou.com,Male,12/5/1981
361,Anton,Petett,apetetta0@squarespace.com,Male,2/9/1981
362,Louie,Fitzmaurice,lfitzmauricea1@live.com,Male,11/28/2006
363,Virginia,Bengle,vbenglea2@hud.gov,Female,8/23/1991
364,Odessa,Pavek,opaveka3@newyorker.com,Female,11/16/2020
365,Clarabelle,Gaskin,cgaskina4@newsvine.com,Female,8/5/2015
366,Morissa,Hapgood,mhapgooda5@nsw.gov.au,Female,1/4/1994
367,Billie,Scolland,bscollanda6@ebay.co.uk,Female,8/23/1990
368,Obadias,Comford,ocomforda7@businesswire.com,Male,6/24/1987
369,Stephi,Whitebread,swhitebreada8@princeton.edu,Female,4/9/2017
370,Kelcy,Makin,kmakina9@about.com,Female,11/25/1985
371,Gabriele,Kubacki,gkubackiaa@jiathis.com,Polygender,9/22/1994
372,Bentlee,Amps,bampsab@slideshare.net,Male,6/18/2009
373,Janina,Fritchley,jfritchleyac@ebay.com,Female,10/23/1992
374,Pippo,Toffler,ptofflerad@china.com.cn,Male,4/23/2005
375,Clayton,Crimes,ccrimesae@nps.gov,Male,9/18/2016
376,Nickolaus,Bleacher,nbleacheraf@cisco.com,Male,2/8/2021
377,Hobie,Dyers,hdyersag@blogspot.com,Male,12/22/1988
378,Barnie,Stiell,bstiellah@google.nl,Male,5/18/2020
379,Adolph,Albarez,aalbarezai@mit.edu,Male,3/31/1982
380,Cleve,Darey,cdareyaj@cornell.edu,Male,1/18/1998
381,Crysta,Hafford,chaffordak@opera.com,Female,2/2/2000
382,Hebert,MacKee,hmackeeal@friendfeed.com,Male,6/1/1994
383,Francene,Mouton,fmoutonam@geocities.jp,Female,8/15/1974
384,Chryste,Southwick,csouthwickan@jalbum.net,Female,3/23/1977
385,Martynne,Whitsun,mwhitsunao@alexa.com,Female,4/2/1985
386,Minetta,Breakwell,mbreakwellap@cyberchimps.com,Female,8/2/2013
387,Eunice,Danielsohn,edanielsohnaq@who.int,Female,8/13/1994
388,Flori,Guidi,fguidiar@wordpress.com,Female,7/11/1971
389,Leonard,Howick,lhowickas@live.com,Male,5/14/1992
390,Nissa,Krystek,nkrystekat@bloomberg.com,Female,1/19/2006
391,Arly,Brotherhood,abrotherhoodau@umich.edu,Female,3/19/1986
392,Kiel,Moehler,kmoehlerav@xrea.com,Male,11/14/1970
393,Ashil,McCowen,amccowenaw@discuz.net,Female,9/16/1971
394,Melita,Green,mgreenax@issuu.com,Female,1/16/1984
395,Ogdan,Kenworth,okenworthay@mail.ru,Male,5/10/1999
396,Zelig,Renol,zrenolaz@angelfire.com,Male,10/14/1973
397,Willie,Klemenz,wklemenzb0@wp.com,Male,1/14/1989
398,Julie,Vakhrushev,jvakhrushevb1@scribd.com,Male,11/23/2002
399,Kelly,Forcade,kforcadeb2@dion.ne.jp,Female,8/25/1972
400,Janela,Bridgstock,jbridgstockb3@de.vu,Female,9/6/1988
401,Kelcie,Darch,kdarchb4@google.com.hk,Female,8/10/2005
402,Vasily,Demangeot,vdemangeotb5@ft.com,Male,2/11/1981
403,Izaak,Maxfield,imaxfieldb6@google.com.au,Male,8/13/2015
404,Drugi,Rocco,droccob7@spotify.com,Male,11/13/1994
405,Wiatt,Castles,wcastlesb8@last.fm,Male,5/6/1997
406,Windy,Seabrooke,wseabrookeb9@upenn.edu,Female,9/29/1983
407,Hurleigh,Sebyer,hsebyerba@hao123.com,Male,6/21/1975
408,Wilburt,Thorington,wthoringtonbb@facebook.com,Male,10/2/1987
409,Preston,Poston,ppostonbc@macromedia.com,Male,6/6/1997
410,Ches,Sigmund,csigmundbd@psu.edu,Male,12/16/1979
411,Ingmar,Iacovaccio,iiacovacciobe@prnewswire.com,Male,11/29/2014
412,Niven,Tarr,ntarrbf@canalblog.com,Male,5/13/2001
413,Haskell,Beincken,hbeinckenbg@bizjournals.com,Male,12/8/1973
414,Shayne,Stillgoe,sstillgoebh@cnn.com,Bigender,5/8/1992
415,Isobel,Emslie,iemsliebi@godaddy.com,Genderqueer,10/2/1976
416,Delmore,Crampton,dcramptonbj@adobe.com,Male,5/24/2012
417,Ado,Janning,ajanningbk@oakley.com,Male,1/30/2006
418,Christie,Rawle,crawlebl@java.com,Male,6/9/1983
419,Noll,Chartre,nchartrebm@clickbank.net,Male,2/4/2003
420,Kristian,Issacson,kissacsonbn@nbcnews.com,Male,1/24/2001
421,Vonnie,Mizzi,vmizzibo@illinois.edu,Female,6/9/1997
422,Gaston,Castellan,gcastellanbp@netlog.com,Male,2/5/2010
423,Hillary,Bayns,hbaynsbq@example.com,Female,4/7/1989
424,Allyn,Hallwood,ahallwoodbr@opera.com,Male,11/9/2005
425,Trevor,Sitford,tsitfordbs@eventbrite.com,Male,10/3/2019
426,Kennith,Elsie,kelsiebt@geocities.jp,Male,11/25/1993
427,Chaunce,Garvill,cgarvillbu@bravesites.com,Male,2/2/2012
428,Cullen,Baunton,cbauntonbv@slideshare.net,Male,1/7/1994
429,Kerrin,Houndson,khoundsonbw@yellowpages.com,Female,12/14/2005
430,Wandis,Patise,wpatisebx@wunderground.com,Genderfluid,6/11/2015
431,Olivette,Crow,ocrowby@si.edu,Female,11/22/2012
432,Barbabra,Biers,bbiersbz@aol.com,Female,6/11/2007
433,Sheeree,Thomasson,sthomassonc0@chron.com,Non-binary,10/9/1995
434,Domenico,Kinnin,dkinninc1@google.com.au,Male,11/15/1970
435,Aylmar,St. Leger,astlegerc2@nydailynews.com,Male,7/24/2009
436,Emelita,Jiruca,ejirucac3@odnoklassniki.ru,Female,12/27/1991
437,Morgun,Hallstone,mhallstonec4@shop-pro.jp,Polygender,10/20/2019
438,Kelsey,Kennedy,kkennedyc5@tiny.cc,Male,8/9/2013
439,Artemus,Brian,abrianc6@time.com,Male,11/20/2008
440,Clarance,Haithwaite,chaithwaitec7@4shared.com,Male,7/31/2013
441,Bette,Chesterfield,bchesterfieldc8@princeton.edu,Female,5/21/1983
442,Jeanne,Spain-Gower,jspaingowerc9@weather.com,Female,3/8/1991
443,Tim,Pohls,tpohlsca@dmoz.org,Female,9/10/2011
444,Anthea,Braganza,abraganzacb@discuz.net,Female,6/26/1977
445,Hirsch,Ionesco,hionescocc@rakuten.co.jp,Male,9/2/2005
446,Lilia,Scranedge,lscranedgecd@wp.com,Female,5/16/2005
447,Maudie,Butson,mbutsonce@newyorker.com,Female,1/19/2017
448,Ellerey,Evanson,eevansoncf@pbs.org,Male,4/22/1983
449,Mike,Fawcett,mfawcettcg@mapy.cz,Male,5/15/1987
450,Maxie,MacTrustey,mmactrusteych@biglobe.ne.jp,Female,9/27/2008
451,Karie,Sainte Paul,ksaintepaulci@shinystat.com,Female,6/17/1971
452,Pier,Chiles,pchilescj@amazon.co.uk,Female,3/13/2002
453,Winfred,Thunnerclef,wthunnerclefck@deviantart.com,Male,10/8/1989
454,Giuditta,Heineking,gheinekingcl@naver.com,Genderqueer,9/8/2014
455,Bernhard,Threlkeld,bthrelkeldcm@opensource.org,Male,9/15/1986
456,Brunhilde,Bleeze,bbleezecn@usgs.gov,Female,6/29/1994
457,Hilliard,Phebey,hphebeyco@marriott.com,Male,1/13/1973
458,Alexandrina,Malmar,amalmarcp@friendfeed.com,Female,6/24/1989
459,Cooper,Pietz,cpietzcq@flickr.com,Male,6/4/1982
460,Godard,Dyers,gdyerscr@wired.com,Male,1/5/2016
461,Jennifer,Toffolo,jtoffolocs@odnoklassniki.ru,Female,4/20/2016
462,Rachele,Stidson,rstidsonct@ftc.gov,Female,9/3/2019
463,Francois,Barraclough,fbarracloughcu@163.com,Male,3/7/2002
464,Willie,Parslow,wparslowcv@miitbeian.gov.cn,Female,12/26/2014
465,Cross,Lagde,clagdecw@china.com.cn,Male,10/9/1995
466,Tristan,Tolfrey,ttolfreycx@edublogs.org,Male,10/13/1994
467,Sheena,Twitty,stwittycy@multiply.com,Female,6/21/2011
468,Kristian,Derrell,kderrellcz@github.io,Male,5/6/2000
469,Marlowe,Petrina,mpetrinad0@netscape.com,Male,4/12/1990
470,Kevin,Picard,kpicardd1@illinois.edu,Male,2/14/1994
471,Monte,Talboy,mtalboyd2@liveinternet.ru,Male,9/14/1995
472,Gian,Josifovic,gjosifovicd3@wikimedia.org,Male,4/18/1994
473,Marc,Leppard,mleppardd4@friendfeed.com,Male,12/15/1981
474,Howie,Tieraney,htieraneyd5@house.gov,Male,2/22/1980
475,Antonella,Daughtery,adaughteryd6@desdev.cn,Female,6/23/1980
476,Laurella,Gumme,lgummed7@over-blog.com,Non-binary,1/31/2002
477,Fulton,Dict,fdictd8@facebook.com,Male,2/12/1989
478,Kerry,Gress,kgressd9@blogs.com,Male,1/6/2002
479,Elnar,Josselsohn,ejosselsohnda@comcast.net,Male,10/5/2010
480,Carmelina,Tottle,ctottledb@pcworld.com,Non-binary,9/25/2007
481,Edd,Coldbath,ecoldbathdc@vistaprint.com,Male,6/19/2003
482,Lila,Simonich,lsimonichdd@wikimedia.org,Female,2/2/2002
483,Bayard,Faley,bfaleyde@imdb.com,Male,11/8/1995
484,Bradney,Marchelli,bmarchellidf@t.co,Male,9/10/1986
485,Rubetta,Wigg,rwiggdg@naver.com,Female,4/7/1993
486,Frederich,Exton,fextondh@un.org,Male,7/19/2021
487,Kain,Naire,knairedi@ucoz.com,Male,6/7/1974
488,Cally,Wahner,cwahnerdj@apple.com,Female,7/4/1994
489,Esme,Heistermann,eheistermanndk@theatlantic.com,Male,10/6/1999
490,Marcelia,Casbourne,mcasbournedl@bloomberg.com,Female,12/6/1997
491,Genvieve,Liffe,gliffedm@de.vu,Female,7/8/2012
492,Alexina,Foulser,afoulserdn@latimes.com,Female,10/22/1996
493,Tory,Cufley,tcufleydo@cam.ac.uk,Female,9/3/1984
494,Gray,Chatell,gchatelldp@purevolume.com,Male,3/25/2020
495,Lorena,Whartonby,lwhartonbydq@w3.org,Female,9/24/2017
496,Mattheus,Hedditch,mhedditchdr@squarespace.com,Male,11/22/1988
497,Torin,Best,tbestds@example.com,Male,4/13/1971
498,Rosalia,MacNelly,rmacnellydt@wikimedia.org,Female,7/23/2017
499,Rosco,Rosling,rroslingdu@booking.com,Male,6/11/1990
500,Frances,Lydon,flydondv@theguardian.com,Female,10/30/1981
501,Tracey,Di Maria,tdimariadw@xrea.com,Female,12/23/2019
502,Modesty,Errington,merringtondx@google.com.au,Female,12/22/1977
503,Marilee,Afonso,mafonsody@wisc.edu,Female,12/8/1978
504,Andi,Rippingale,arippingaledz@ucoz.ru,Female,3/30/1994
505,Dew,Farny,dfarnye0@smugmug.com,Male,8/31/1993
506,Celestyn,Corzor,ccorzore1@omniture.com,Female,4/20/2022
507,Tynan,Santello,tsantelloe2@cdbaby.com,Male,11/13/2013
508,Moe,Pine,mpinee3@biglobe.ne.jp,Male,1/14/1983
509,Andris,Scritch,ascritche4@va.gov,Male,12/10/2007
510,Rollin,Castagnone,rcastagnonee5@lycos.com,Male,10/11/1982
511,Baron,Graser,bgrasere6@ebay.com,Male,5/3/2013
512,Melba,Kibbe,mkibbee7@facebook.com,Female,7/20/2013
513,Oralia,Hylden,ohyldene8@barnesandnoble.com,Female,10/20/1978
514,Darlleen,Palfrie,dpalfriee9@360.cn,Female,3/16/1977
515,Reena,Gyver,rgyverea@t-online.de,Female,9/7/1982
516,Skipp,Grant,sgranteb@columbia.edu,Male,5/11/2004
517,Sheilah,Sawrey,ssawreyec@go.com,Female,8/16/1999
518,Maridel,Fritschel,mfritscheled@fc2.com,Female,2/8/2008
519,Conroy,Drewell,cdrewellee@spotify.com,Male,5/11/1987
520,Jareb,Gorman,jgormanef@flickr.com,Male,7/27/1977
521,Ravid,Hovert,rhoverteg@imgur.com,Male,5/2/2010
522,Joell,Alvarez,jalvarezeh@bizjournals.com,Female,9/27/1996
523,Gaspard,Caine,gcaineei@chron.com,Male,10/27/2021
524,Goldina,Kinane,gkinaneej@dot.gov,Female,8/31/1999
525,Ebba,Calderon,ecalderonek@nps.gov,Polygender,11/17/1992
526,Bernadine,Georgius,bgeorgiusel@nhs.uk,Female,11/15/1985
527,Hy,Ervin,hervinem@google.ca,Male,5/23/1976
528,Ursulina,Bendel,ubendelen@craigslist.org,Female,1/26/2019
529,Natka,Noblett,nnobletteo@godaddy.com,Female,10/25/1971
530,Micaela,Strathe,mstratheep@ocn.ne.jp,Female,6/19/1976
531,Auguste,Rupp,aruppeq@simplemachines.org,Female,11/24/1988
532,Wilmer,Krates,wkrateser@nba.com,Male,9/29/2006
533,Reina,Creaney,rcreaneyes@usnews.com,Female,2/6/1979
534,Vilhelmina,Shawe,vshaweet@washingtonpost.com,Female,11/28/1975
535,Ashil,Gabbat,agabbateu@wisc.edu,Female,6/17/1998
536,Levin,Burgyn,lburgynev@sun.com,Male,3/16/1996
537,Terrel,Saywood,tsaywoodew@soundcloud.com,Male,2/24/1973
538,Gustavo,Oki,gokiex@psu.edu,Male,6/12/1972
539,Anni,Costa,acostaey@house.gov,Polygender,8/7/2007
540,Pippo,Dolohunty,pdolohuntyez@cornell.edu,Agender,11/16/2000
541,Guglielmo,Halsall,ghalsallf0@pinterest.com,Male,8/6/2012
542,Baily,Gynne,bgynnef1@myspace.com,Male,1/2/1982
543,Noreen,Matyas,nmatyasf2@printfriendly.com,Female,5/9/1992
544,Larry,Gallegos,lgallegosf3@webmd.com,Male,7/21/2011
545,Bill,Barhems,bbarhemsf4@networksolutions.com,Male,3/8/2000
546,Ericka,Fenners,efennersf5@wordpress.com,Female,2/22/1980
547,Reese,Curneen,rcurneenf6@youtube.com,Male,1/29/2015
548,Zahara,Hullyer,zhullyerf7@businessinsider.com,Genderfluid,10/30/2016
549,Roldan,Gossan,rgossanf8@studiopress.com,Male,9/17/2005
550,Felicia,Isted,fistedf9@51.la,Female,10/11/1994
551,Charlot,Delea,cdeleafa@mayoclinic.com,Female,2/7/2007
552,Bernie,Kobpa,bkobpafb@si.edu,Bigender,7/7/1989
553,Krispin,Gillion,kgillionfc@livejournal.com,Male,4/19/1977
554,Warren,Kidde,wkiddefd@wikispaces.com,Male,1/5/2003
555,Stephanus,Shakspeare,sshakspearefe@senate.gov,Male,10/22/1993
556,Talia,Wadesworth,twadesworthff@ebay.com,Female,5/27/1978
557,Claudian,Jirik,cjirikfg@merriam-webster.com,Male,12/18/1974
558,Jerrylee,Hof,jhoffh@chronoengine.com,Female,2/20/1975
559,Brody,Foskett,bfoskettfi@ustream.tv,Male,4/8/1988
560,Chiquia,Sandiford,csandifordfj@hugedomains.com,Female,5/29/2012
561,Merrili,Revens,mrevensfk@usatoday.com,Female,12/2/1975
562,Amandi,Chalk,achalkfl@quantcast.com,Female,2/6/2004
563,Norris,Earengey,nearengeyfm@mtv.com,Male,12/22/1984
564,Jory,Cracker,jcrackerfn@upenn.edu,Male,11/30/2006
565,Lutero,Van der Brug,lvanderbrugfo@theatlantic.com,Male,2/26/2008
566,Aurora,Gherardini,agherardinifp@google.es,Female,1/29/1983
567,Liam,Paish,lpaishfq@example.com,Male,8/20/1992
568,Briant,Boteman,bbotemanfr@php.net,Male,6/13/1971
569,Angeline,Johnson,ajohnsonfs@house.gov,Female,7/29/1992
570,Odey,Tight,otightft@drupal.org,Male,4/20/1978
571,Fidelio,Acland,faclandfu@github.com,Genderqueer,3/29/2018
572,Nanete,Phifer,nphiferfv@webmd.com,Female,5/28/2021
573,Heddi,Oake,hoakefw@amazon.co.jp,Female,1/11/1995
574,Rogerio,Howse,rhowsefx@arizona.edu,Male,3/18/2007
575,Keriann,Attwoul,kattwoulfy@weebly.com,Female,2/1/2021
576,Hewitt,Soot,hsootfz@nba.com,Male,9/10/1977
577,Melisent,Dawtry,mdawtryg0@ifeng.com,Female,5/9/2006
578,Debee,Vasilechko,dvasilechkog1@pcworld.com,Female,7/5/1974
579,Mikol,Buney,mbuneyg2@elegantthemes.com,Male,7/27/1990
580,Inessa,Edginton,iedgintong3@smh.com.au,Bigender,3/29/1980
581,Bogart,Fears,bfearsg4@flavors.me,Male,4/9/2019
582,Ulric,Stainburn,ustainburng5@issuu.com,Male,1/31/2004
583,Killy,Walbrun,kwalbrung6@loc.gov,Male,3/29/1991
584,Idalina,Fancutt,ifancuttg7@xing.com,Female,6/26/1993
585,Cristi,Offa,coffag8@plala.or.jp,Female,1/28/2017
586,Carolan,Dodshun,cdodshung9@linkedin.com,Female,11/29/1995
587,Gertruda,Stonall,gstonallga@ucoz.com,Female,7/20/1986
588,Alick,Pottes,apottesgb@bbc.co.uk,Male,9/4/1978
589,Urban,Uc,uucgc@patch.com,Male,7/10/2012
590,Anastasia,Eyton,aeytongd@newsvine.com,Female,12/11/1990
591,Thomas,Tumioto,ttumiotoge@hud.gov,Male,8/27/1996
592,Evan,Humbert,ehumbertgf@nasa.gov,Male,3/8/1990
593,Filmer,Heiden,fheidengg@webmd.com,Male,10/29/2013
594,Camille,Polkinghorne,cpolkinghornegh@sun.com,Female,2/24/1983
595,Ellsworth,Lattos,elattosgi@weather.com,Male,1/4/1973
596,Marena,Cranmore,mcranmoregj@altervista.org,Female,6/12/1974
597,Obadiah,Walton,owaltongk@prlog.org,Genderfluid,4/16/1983
598,Maia,Baldrey,mbaldreygl@mediafire.com,Female,10/13/2021
599,Loren,Ballendine,lballendinegm@youtu.be,Male,5/19/1982
600,Otha,Gargett,ogargettgn@cnbc.com,Female,9/5/1991
601,Granger,Andrieux,gandrieuxgo@behance.net,Male,4/5/2010
602,Brenda,Elsby,belsbygp@networkadvertising.org,Female,1/9/1998
603,Zena,Hollidge,zhollidgegq@mysql.com,Female,11/12/2012
604,Belvia,Balnave,bbalnavegr@whitehouse.gov,Female,4/13/2015
605,Weber,Ballam,wballamgs@eepurl.com,Male,11/27/1986
606,Jesse,Kundt,jkundtgt@i2i.jp,Bigender,12/15/1991
607,Bobbette,Belderfield,bbelderfieldgu@stanford.edu,Female,10/15/1979
608,Agneta,Armin,aarmingv@msu.edu,Female,7/3/1980
609,Blisse,McCart,bmccartgw@etsy.com,Genderfluid,1/18/1988
610,Madison,Lakeland,mlakelandgx@friendfeed.com,Male,10/5/1987
611,Alys,Lambert,alambertgy@telegraph.co.uk,Female,5/7/2008
612,Wynnie,Catmull,wcatmullgz@lulu.com,Female,5/2/1981
613,Guillaume,Woodwind,gwoodwindh0@devhub.com,Male,6/15/1986
614,Valerye,Polak,vpolakh1@salon.com,Female,2/12/2016
615,Waylan,Yakebowitch,wyakebowitchh2@nymag.com,Male,4/11/1978
616,Trix,Sine,tsineh3@disqus.com,Female,6/14/2001
617,Wilow,Pouck,wpouckh4@over-blog.com,Female,8/25/1984
618,Clayborne,Rockcliff,crockcliffh5@cnet.com,Genderqueer,4/12/1992
619,Damita,Mays,dmaysh6@mail.ru,Female,6/7/2007
620,Orlan,Kobera,okoberah7@bandcamp.com,Male,11/25/1988
621,Grady,Cawsby,gcawsbyh8@berkeley.edu,Male,4/6/2018
622,Rustin,Ebourne,rebourneh9@ft.com,Male,8/26/2019
623,Beulah,Sherbrooke,bsherbrookeha@google.ca,Agender,9/8/1974
624,Kendrick,Karpol,kkarpolhb@kickstarter.com,Male,8/17/2014
625,Bonnibelle,Apark,baparkhc@woothemes.com,Female,4/18/2018
626,Corey,Szabo,cszabohd@csmonitor.com,Male,8/29/2020
627,Ingunna,Lepick,ilepickhe@lulu.com,Female,10/24/2008
628,Artie,Annott,aannotthf@php.net,Male,6/24/1998
629,Marcellus,Heisham,mheishamhg@census.gov,Male,9/6/1990
630,Rosalyn,Woodson,rwoodsonhh@reuters.com,Female,11/25/2009
631,Mandi,Kissock,mkissockhi@naver.com,Agender,12/6/2021
632,Smith,Flemyng,sflemynghj@tmall.com,Male,2/4/1972
633,Cordell,Holson,cholsonhk@artisteer.com,Male,8/25/2001
634,Brooks,Christian,bchristianhl@symantec.com,Male,12/26/2019
635,Brigit,Given,bgivenhm@dedecms.com,Female,7/20/1997
636,Homere,Timpany,htimpanyhn@123-reg.co.uk,Male,4/29/2002
637,Kristel,Rubega,krubegaho@epa.gov,Bigender,2/26/1998
638,Mac,Tettersell,mtettersellhp@linkedin.com,Male,10/7/2014
639,Claude,Arblaster,carblasterhq@bbc.co.uk,Female,2/26/1994
640,Petr,Barrim,pbarrimhr@earthlink.net,Male,9/3/1986
641,Shandy,Stare,sstarehs@typepad.com,Female,6/13/1979
642,Almire,Govey,agoveyht@4shared.com,Female,6/30/2022
643,Anet,Forsdike,aforsdikehu@cargocollective.com,Non-binary,11/7/1993
644,Brooke,Ion,bionhv@fema.gov,Male,8/28/1985
645,Sara,Arthan,sarthanhw@stumbleupon.com,Female,1/23/1985
646,Demetri,Rankin,drankinhx@oaic.gov.au,Bigender,1/16/2005
647,Kristy,Correa,kcorreahy@reddit.com,Bigender,12/20/1996
648,Denny,Racher,dracherhz@nifty.com,Male,1/13/2011
649,Brietta,Polson,bpolsoni0@cam.ac.uk,Female,7/15/1973
650,Irwin,Di Carlo,idicarloi1@toplist.cz,Male,5/15/1997
651,Elsa,Cockshutt,ecockshutti2@wordpress.com,Female,8/7/2019
652,Jacklyn,Simonel,jsimoneli3@wikia.com,Female,12/19/2016
653,Constantin,Tompion,ctompioni4@amazon.com,Male,9/10/1981
654,Banky,Ells,bellsi5@aboutads.info,Male,8/17/1978
655,Noel,Duro,nduroi6@globo.com,Female,11/20/2004
656,Dannie,Ballance,dballancei7@geocities.com,Female,7/1/2002
657,Corbie,Van der Kruis,cvanderkruisi8@flavors.me,Male,6/17/1990
658,Adlai,Rea,areai9@homestead.com,Genderqueer,4/12/1984
659,Verene,Dulson,vdulsonia@toplist.cz,Female,8/17/2015
660,Jacintha,Skelcher,jskelcherib@discovery.com,Female,4/23/1983
661,Rochester,Bowller,rbowlleric@yandex.ru,Male,12/8/1983
662,Porty,Fuentes,pfuentesid@ameblo.jp,Male,1/12/2005
663,Flori,Boldock,fboldockie@hugedomains.com,Female,9/20/2012
664,Lonee,Shirrell,lshirrellif@techcrunch.com,Female,8/9/1974
665,Piper,Norkett,pnorkettig@mac.com,Female,8/16/2016
666,Hobard,MacMoyer,hmacmoyerih@eventbrite.com,Male,6/25/1981
667,Irma,Dufour,idufourii@blogs.com,Female,12/20/2015
668,Benito,Collinette,bcollinetteij@4shared.com,Male,1/3/1985
669,Ertha,Mattusevich,emattusevichik@mail.ru,Female,11/12/1990
670,Ricoriki,Dowrey,rdowreyil@weebly.com,Male,11/8/1996
671,Dionis,Kowalik,dkowalikim@auda.org.au,Female,7/19/2018
672,Aubrey,Bolsover,abolsoverin@kickstarter.com,Male,4/3/1984
673,Geoffrey,Giovanni,ggiovanniio@apple.com,Bigender,7/20/2004
674,Mitchel,Capin,mcapinip@bravesites.com,Male,12/21/2004
675,Luigi,Bonus,lbonusiq@about.com,Male,12/21/1996
676,Murial,Sherebrooke,msherebrookeir@smh.com.au,Female,10/6/2014
677,Gabbi,Lording,glordingis@fda.gov,Female,4/29/1982
678,Krispin,Easun,keasunit@ebay.co.uk,Male,7/2/1971
679,Avis,Catherine,acatherineiu@twitpic.com,Female,5/22/2001
680,Dolley,Yewdale,dyewdaleiv@webeden.co.uk,Female,5/24/2010
681,Wallie,Rapo,wrapoiw@constantcontact.com,Male,9/14/1984
682,Jermayne,Haney`,jhaneyix@ustream.tv,Male,10/4/1980
683,Ethelda,Jickells,ejickellsiy@ask.com,Female,9/17/1991
684,Alexei,Winterbourne,awinterbourneiz@microsoft.com,Male,2/9/1994
685,Janene,MacGiany,jmacgianyj0@addthis.com,Female,3/17/2015
686,Jarred,Berre,jberrej1@yahoo.com,Male,11/5/1995
687,Maritsa,Benge,mbengej2@people.com.cn,Female,4/4/2012
688,Moselle,Penny,mpennyj3@answers.com,Female,6/25/2007
689,Ellwood,Braisby,ebraisbyj4@deviantart.com,Male,8/22/2003
690,Conny,Bulford,cbulfordj5@dailymail.co.uk,Genderfluid,2/10/1983
691,Caryl,Mollnar,cmollnarj6@youku.com,Female,6/1/2008
692,Tamqrah,Castanone,tcastanonej7@ftc.gov,Female,7/23/1985
693,Dewey,Formby,dformbyj8@mapy.cz,Male,7/29/1998
694,Marlow,Issac,missacj9@lycos.com,Male,8/29/2012
695,Shanta,Kubat,skubatja@msu.edu,Female,10/6/1995
696,Dorothy,Iacoviello,diacoviellojb@businessinsider.com,Female,8/27/1981
697,Gabbey,Blackall,gblackalljc@wisc.edu,Female,6/23/2022
698,Karee,Kivlin,kkivlinjd@shareasale.com,Female,9/27/1971
699,Angie,Kimbrough,akimbroughje@disqus.com,Female,9/16/1997
700,Garvey,Weightman,gweightmanjf@blogger.com,Male,3/7/2022
701,Ola,Vallack,ovallackjg@imgur.com,Female,10/14/1992
702,Aguistin,Cottill,acottilljh@vistaprint.com,Male,10/30/1987
703,Norry,Panther,npantherji@lycos.com,Female,10/15/1972
704,Boniface,Kerfod,bkerfodjj@de.vu,Male,7/7/1995
705,Manuel,Danjoie,mdanjoiejk@com.com,Male,4/3/2012
706,Horacio,Ilyinykh,hilyinykhjl@php.net,Male,2/11/1986
707,Joyan,Mogridge,jmogridgejm@mac.com,Female,5/7/2007
708,Ches,Bus,cbusjn@51.la,Male,12/29/1989
709,Cesare,Mewton,cmewtonjo@amazon.co.uk,Polygender,11/25/1981
710,Valenka,Waghorn,vwaghornjp@geocities.com,Female,4/14/1987
711,Rafi,Wadforth,rwadforthjq@about.me,Male,6/5/2014
712,Lizzie,Billes,lbillesjr@comcast.net,Female,9/12/1984
713,Jobye,Rapson,jrapsonjs@eventbrite.com,Female,11/16/1991
714,Howard,Reveland,hrevelandjt@ucsd.edu,Male,5/16/1993
715,Iorgo,Mackriell,imackriellju@topsy.com,Male,9/4/1997
716,Hanson,Buret,hburetjv@blogspot.com,Male,1/28/1994
717,Tonia,Skamal,tskamaljw@so-net.ne.jp,Female,5/28/1979
718,Berty,Ketton,bkettonjx@smh.com.au,Female,4/30/1993
719,Gabey,Dawidowicz,gdawidowiczjy@europa.eu,Female,3/27/2013
720,Lotty,Dullard,ldullardjz@google.com.hk,Female,12/29/1979
721,Charis,Brine,cbrinek0@reuters.com,Female,10/30/2018
722,Frayda,Pryce,fprycek1@berkeley.edu,Female,10/5/1988
723,Davidde,Arkil,darkilk2@ustream.tv,Male,6/30/1976
724,Nathanil,Baudinelli,nbaudinellik3@marriott.com,Male,9/12/1989
725,Valaria,Carcas,vcarcask4@livejournal.com,Female,5/1/1991
726,Pryce,Penlington,ppenlingtonk5@cbc.ca,Male,10/13/1974
727,Amye,Sime,asimek6@archive.org,Bigender,9/14/2011
728,Chrisse,Ritch,critchk7@goo.gl,Male,8/23/2019
729,Charmain,Berr,cberrk8@sogou.com,Female,4/1/2005
730,Flory,Duxbarry,fduxbarryk9@posterous.com,Female,8/17/1986
731,Marthena,Poyser,mpoyserka@amazonaws.com,Female,5/14/1987
732,Ernaline,Jancar,ejancarkb@engadget.com,Female,1/14/1993
733,Yvor,Eighteen,yeighteenkc@ucsd.edu,Male,3/15/1989
734,Armstrong,Highman,ahighmankd@addthis.com,Male,5/12/1984
735,Smith,Soppett,ssoppettke@ow.ly,Male,6/3/2000
736,Clemence,Mapowder,cmapowderkf@ucoz.ru,Female,5/5/1987
737,Terry,Rosenbusch,trosenbuschkg@ocn.ne.jp,Female,4/6/1987
738,Morissa,Giamuzzo,mgiamuzzokh@goodreads.com,Female,2/22/2003
739,Fredrika,Temperton,ftempertonki@people.com.cn,Female,6/14/1992
740,Kin,De Wolfe,kdewolfekj@wikispaces.com,Male,9/10/2004
741,My,Picton,mpictonkk@mit.edu,Male,11/14/1986
742,Stacie,Resdale,sresdalekl@cargocollective.com,Female,4/11/2011
743,Chauncey,Creegan,ccreegankm@bizjournals.com,Bigender,2/15/2010
744,Emmit,Gemeau,egemeaukn@utexas.edu,Male,7/21/2007
745,Harriott,MacIntosh,hmacintoshko@psu.edu,Female,9/25/1993
746,Merwyn,Royall,mroyallkp@noaa.gov,Male,3/25/1972
747,Cornelia,Charette,ccharettekq@rediff.com,Female,11/25/1998
748,Melisandra,Tynewell,mtynewellkr@ft.com,Female,5/29/1984
749,Auria,Marshalleck,amarshalleckks@redcross.org,Female,2/24/2009
750,Sancho,Kinghorne,skinghornekt@google.com.br,Male,2/7/2003
751,Elianore,MacNab,emacnabku@issuu.com,Female,9/18/1987
752,Salomi,Pammenter,spammenterkv@wired.com,Female,9/23/2014
753,Ardyth,Ciementini,aciementinikw@angelfire.com,Bigender,9/27/1993
754,Maximo,Behnecke,mbehneckekx@ibm.com,Polygender,7/4/1984
755,Cathryn,Waddie,cwaddieky@scribd.com,Female,3/12/1987
756,Carol,Brusle,cbruslekz@freewebs.com,Female,2/17/2003
757,Dalston,McNalley,dmcnalleyl0@live.com,Male,9/22/2007
758,Lyndsie,Gaskall,lgaskalll1@tiny.cc,Female,6/29/1999
759,Garrett,Stapylton,gstapyltonl2@ustream.tv,Male,9/17/1990
760,Josiah,Dach,jdachl3@kickstarter.com,Male,8/24/1987
761,Zedekiah,Strong,zstrongl4@miitbeian.gov.cn,Male,2/2/2003
762,Reagen,O'Carran,rocarranl5@lycos.com,Male,9/24/1977
763,Leonelle,Paviour,lpaviourl6@cyberchimps.com,Female,2/10/2019
764,Cairistiona,Hubber,chubberl7@cyberchimps.com,Female,4/6/2002
765,Cordi,Snare,csnarel8@elpais.com,Female,3/13/2016
766,Zola,Eddisford,zeddisfordl9@nhs.uk,Female,10/26/1985
767,Werner,Verden,wverdenla@arizona.edu,Male,7/23/1995
768,Porty,Ridgers,pridgerslb@biglobe.ne.jp,Polygender,6/28/1991
769,Stavro,Jakubovski,sjakubovskilc@360.cn,Male,3/23/2000
770,Ginnie,Paute,gpauteld@quantcast.com,Female,1/30/1983
771,Dulcinea,Strick,dstrickle@unicef.org,Female,3/11/2019
772,Anders,Dreng,adrenglf@aboutads.info,Male,5/7/2002
773,Cally,Immings,cimmingslg@wired.com,Genderqueer,2/12/1974
774,Ariana,Segrott,asegrottlh@bbc.co.uk,Female,3/20/1974
775,Renato,Ferron,rferronli@upenn.edu,Male,5/23/1979
776,Luis,Cuttell,lcuttelllj@myspace.com,Male,7/8/1974
777,Timothy,Dollin,tdollinlk@vistaprint.com,Male,9/30/1985
778,Tessi,Delafont,tdelafontll@sciencedaily.com,Female,6/8/1989
779,Fairfax,Guillard,fguillardlm@linkedin.com,Male,1/21/1994
780,Bibby,Ferretti,bferrettiln@ox.ac.uk,Female,7/20/1978
781,Brear,Heazel,bheazello@yahoo.com,Female,12/4/2020
782,Cleopatra,McCook,cmccooklp@theglobeandmail.com,Female,4/21/2010
783,Poul,Armatys,parmatyslq@taobao.com,Male,3/13/2013
784,Lazaro,Finn,lfinnlr@yellowbook.com,Male,10/27/2006
785,Dinah,Kaubisch,dkaubischls@netscape.com,Female,10/26/1985
786,Lammond,Smuth,lsmuthlt@angelfire.com,Male,8/15/1975
787,Eddy,Finding,efindinglu@goo.ne.jp,Female,6/5/1999
788,Madelina,Kildea,mkildealv@stanford.edu,Female,4/19/1995
789,Osgood,Stive,ostivelw@sphinn.com,Male,1/24/1977
790,Minta,Bernard,mbernardlx@hostgator.com,Female,7/6/1993
791,Joanna,Keesman,jkeesmanly@cloudflare.com,Female,5/18/1992
792,Grady,Osmon,gosmonlz@webmd.com,Male,9/29/1978
793,Marget,Bosward,mboswardm0@uiuc.edu,Female,2/8/1980
794,Nana,Eydel,neydelm1@cmu.edu,Female,7/28/2000
795,Mata,Manuele,mmanuelem2@google.de,Bigender,9/30/1998
796,Slade,Clewarth,sclewarthm3@mapquest.com,Male,8/16/1975
797,Harlin,Deveril,hdeverilm4@t-online.de,Male,10/30/2021
798,Humfried,MacKartan,hmackartanm5@jiathis.com,Male,1/23/2007
799,Lotte,Balassi,lbalassim6@bbb.org,Non-binary,11/10/1992
800,Ree,Jukes,rjukesm7@theguardian.com,Female,7/29/1989
801,Alameda,Jeaffreson,ajeaffresonm8@bbb.org,Female,7/29/1986
802,Neddie,Courvert,ncourvertm9@soup.io,Bigender,11/8/1973
803,Shanna,Summerson,ssummersonma@histats.com,Female,8/16/2011
804,Lea,Allright,lallrightmb@cbc.ca,Female,4/20/1992
805,Harold,Sakins,hsakinsmc@oakley.com,Male,9/25/1996
806,Fidelity,Darbyshire,fdarbyshiremd@samsung.com,Female,7/6/2016
807,Kristos,Bixley,kbixleyme@wp.com,Male,12/9/1984
808,Vail,Pendergrast,vpendergrastmf@netscape.com,Genderfluid,6/18/1972
809,Maurits,Matijevic,mmatijevicmg@narod.ru,Male,6/29/1978
810,Aylmar,Dines,adinesmh@alexa.com,Male,7/27/2014
811,Quinton,Gottschalk,qgottschalkmi@soundcloud.com,Male,9/6/2005
812,Halsy,Itzkovwitch,hitzkovwitchmj@wiley.com,Male,11/2/1978
813,Ward,Bugbee,wbugbeemk@ucoz.ru,Male,5/16/1972
814,Fraze,Bradbrook,fbradbrookml@artisteer.com,Male,8/18/2021
815,Joleen,Rickell,jrickellmm@ask.com,Female,7/13/1993
816,Emmi,Dies,ediesmn@sogou.com,Female,1/16/2013
817,Lammond,Matityahu,lmatityahumo@moonfruit.com,Male,2/19/1978
818,Philbert,Prandy,pprandymp@mtv.com,Male,12/18/2010
819,Karyl,Franssen,kfranssenmq@bbb.org,Genderqueer,12/16/1979
820,Caitlin,Doodson,cdoodsonmr@xrea.com,Female,1/15/1974
821,Davida,Tuffs,dtuffsms@trellian.com,Female,1/16/2019
822,Nikos,Malyj,nmalyjmt@google.co.jp,Male,8/28/2005
823,Lewiss,Ranner,lrannermu@dedecms.com,Male,1/9/1973
824,Isahella,Nabarro,inabarromv@soundcloud.com,Female,8/3/1983
825,Michail,Males,mmalesmw@vk.com,Male,10/2/1974
826,Jeannette,Harberer,jharberermx@zdnet.com,Female,6/9/1987
827,Margette,Patrono,mpatronomy@washington.edu,Genderfluid,7/27/1987
828,Tedra,Gabbidon,tgabbidonmz@bizjournals.com,Female,3/12/1991
829,Maryann,MacBain,mmacbainn0@lulu.com,Female,4/4/1994
830,Karlotte,Habben,khabbenn1@hibu.com,Agender,7/22/2001
831,Connor,Olden,coldenn2@typepad.com,Male,8/21/1982
832,Lewiss,Colbrun,lcolbrunn3@lulu.com,Male,3/9/1987
833,Trista,Penney,tpenneyn4@reddit.com,Female,7/18/2019
834,Lemmie,Bus,lbusn5@i2i.jp,Male,4/8/2005
835,Janka,Orrock,jorrockn6@newsvine.com,Female,6/30/1991
836,Benedick,de Voiels,bdevoielsn7@pinterest.com,Male,3/15/1977
837,Boniface,Maisey,bmaiseyn8@yale.edu,Male,10/6/2003
838,Elisabetta,Tweedell,etweedelln9@jiathis.com,Female,12/15/1986
839,Katie,Brodeau,kbrodeauna@usgs.gov,Female,10/8/2020
840,Odey,Allebone,oallebonenb@github.com,Male,7/31/1994
841,Marlene,Chantillon,mchantillonnc@state.tx.us,Female,4/22/2017
842,Spike,Jephson,sjephsonnd@desdev.cn,Male,2/18/1984
843,Lisabeth,Punyer,lpunyerne@utexas.edu,Female,7/7/1972
844,Pietrek,Tuffield,ptuffieldnf@blinklist.com,Male,6/4/2002
845,Joseph,Barks,jbarksng@shareasale.com,Male,1/20/1977
846,Arnold,Szymanski,aszymanskinh@lulu.com,Male,6/9/1980
847,Kristan,Jandak,kjandakni@scientificamerican.com,Female,4/4/2021
848,Darsie,Daley,ddaleynj@google.cn,Non-binary,4/17/1997
849,Germain,Hurran,ghurrannk@wordpress.org,Male,1/25/1996
850,Cash,Davidou,cdavidounl@chron.com,Male,11/21/2021
851,Angelique,Galland,agallandnm@wufoo.com,Female,6/12/2016
852,Siusan,Itzig,sitzignn@booking.com,Female,10/20/2006
853,Karissa,MacAdam,kmacadamno@bloglovin.com,Female,5/1/1995
854,Pancho,Murrhardt,pmurrhardtnp@illinois.edu,Male,6/14/1975
855,Rosamond,Malitrott,rmalitrottnq@bbc.co.uk,Female,4/13/2012
856,Ellswerth,Spellesy,espellesynr@linkedin.com,Male,12/22/2016
857,Cornie,Maccrie,cmaccriens@furl.net,Female,8/1/1996
858,Savina,Hulland,shullandnt@exblog.jp,Female,9/17/2016
859,Ric,Gouldie,rgouldienu@china.com.cn,Male,2/23/2009
860,Brook,Staveley,bstaveleynv@ifeng.com,Male,5/2/1984
861,Franz,Isacsson,fisacssonnw@taobao.com,Male,6/29/1987
862,Kathe,Bryson,kbrysonnx@census.gov,Female,10/10/1971
863,Bertha,Allbut,ballbutny@furl.net,Female,10/3/1991
864,Arthur,Ley,aleynz@constantcontact.com,Male,11/2/1993
865,Winna,Blowen,wbloweno0@etsy.com,Female,4/25/1986
866,Heywood,Ketchell,hketchello1@reference.com,Male,1/6/2005
867,Ulises,Tadgell,utadgello2@behance.net,Male,10/29/1996
868,Carilyn,Farmloe,cfarmloeo3@jiathis.com,Female,5/7/2016
869,Corny,Kurth,ckurtho4@java.com,Female,12/28/2020
870,Wat,Simonetto,wsimonettoo5@weather.com,Male,12/9/2002
871,Dorisa,Ledrane,dledraneo6@typepad.com,Genderfluid,4/11/1996
872,Neill,Clements,nclementso7@utexas.edu,Male,7/27/2013
873,Zed,Yedall,zyedallo8@issuu.com,Male,6/20/2009
874,Ritchie,Kilshall,rkilshallo9@posterous.com,Male,2/2/2004
875,Barney,Macguire,bmacguireoa@networksolutions.com,Male,9/26/2006
876,Bucky,Duhig,bduhigob@utexas.edu,Male,10/8/2005
877,De,Chaffey,dchaffeyoc@flickr.com,Female,7/11/1992
878,Ulick,Adnet,uadnetod@wikia.com,Male,2/15/1982
879,Tiffani,MacKibbon,tmackibbonoe@furl.net,Female,4/11/1996
880,Sibley,Hender,shenderof@jimdo.com,Female,3/18/1992
881,Andeee,Dawks,adawksog@google.nl,Female,6/29/1991
882,Odey,Robroe,orobroeoh@flickr.com,Male,10/6/1972
883,Saunder,Marten,smartenoi@cornell.edu,Male,4/23/2003
884,Reinwald,Demcik,rdemcikoj@wiley.com,Male,10/17/2006
885,Quintilla,Bleesing,qbleesingok@gov.uk,Non-binary,1/24/2004
886,Nobie,Ryman,nrymanol@list-manage.com,Male,2/14/1993
887,Chandler,Isaac,cisaacom@weibo.com,Male,3/3/1979
888,Ximenes,Kinsey,xkinseyon@tuttocitta.it,Male,12/24/1993
889,Brewster,Robardley,brobardleyoo@sfgate.com,Male,1/24/1975
890,Heloise,Wilstead,hwilsteadop@simplemachines.org,Genderqueer,11/16/2019
891,Merola,Beatson,mbeatsonoq@adobe.com,Female,8/2/2001
892,Carlie,Shervil,cshervilor@fotki.com,Genderqueer,6/15/2022
893,Maritsa,Wenham,mwenhamos@elegantthemes.com,Female,4/9/1992
894,Rodrigo,Shepheard,rshepheardot@earthlink.net,Male,12/6/1976
895,Clementia,Perrott,cperrottou@so-net.ne.jp,Female,3/22/1990
896,Karleen,Stilling,kstillingov@over-blog.com,Female,2/14/1991
897,Minetta,Bryden,mbrydenow@gmpg.org,Female,4/2/2010
898,Abigael,Matthaus,amatthausox@oakley.com,Female,3/31/1976
899,Corrie,Stables,cstablesoy@cafepress.com,Female,12/30/2008
900,Harvey,Littlecote,hlittlecoteoz@cisco.com,Male,12/16/2018
901,Rebeka,De La Salle,rdelasallep0@dyndns.org,Female,4/25/1979
902,Emalia,Dressel,edresselp1@dell.com,Female,2/12/1997
903,Claire,McNea,cmcneap2@arstechnica.com,Female,1/9/2011
904,Gus,Basini-Gazzi,gbasinigazzip3@washingtonpost.com,Female,4/9/2005
905,Libbey,Amiable,lamiablep4@opensource.org,Female,5/11/2004
906,Poppy,Mc Gorley,pmcgorleyp5@live.com,Genderqueer,6/18/1991
907,Gerick,McComb,gmccombp6@jiathis.com,Male,12/30/1996
908,Neddy,Simanenko,nsimanenkop7@dmoz.org,Male,8/13/1997
909,Tamra,Eliet,telietp8@xing.com,Agender,9/28/1999
910,Rinaldo,Durrant,rdurrantp9@paginegialle.it,Male,3/7/2017
911,Stephannie,MacPherson,smacphersonpa@eventbrite.com,Female,3/3/2001
912,Konstantine,Hyder,khyderpb@amazonaws.com,Male,10/25/1971
913,Cassie,Ell,cellpc@digg.com,Male,9/4/1984
914,Tim,Gaspard,tgaspardpd@ning.com,Female,2/22/1993
915,Kincaid,MacLeod,kmacleodpe@wikispaces.com,Male,12/22/1990
916,Gladi,Rowly,growlypf@reuters.com,Female,11/30/2019
917,Terrye,Cornilli,tcornillipg@nifty.com,Female,8/2/2016
918,Melisse,MacNeillie,mmacneillieph@twitter.com,Female,7/12/1976
919,Marwin,Fuentes,mfuentespi@va.gov,Male,11/28/2007
920,Royall,Dearlove,rdearlovepj@t-online.de,Male,3/9/1997
921,Corrie,Hitzmann,chitzmannpk@netvibes.com,Male,10/8/1989
922,Gerald,Guppie,gguppiepl@topsy.com,Male,1/16/1973
923,Juliette,Ferenczy,jferenczypm@google.pl,Female,12/24/1981
924,Wynne,Lyal,wlyalpn@tinyurl.com,Female,9/11/1994
925,Jess,Esslemont,jesslemontpo@sbwire.com,Female,7/1/1983
926,Bevin,Ortler,bortlerpp@berkeley.edu,Male,9/10/2015
927,Clerc,Leivers,cleiverspq@gmpg.org,Male,2/20/2007
928,Cecelia,Folomkin,cfolomkinpr@latimes.com,Agender,10/10/2021
929,Florance,Posten,fpostenps@homestead.com,Female,5/30/1985
930,Nicolina,Han,nhanpt@nyu.edu,Female,1/3/1975
931,Bren,Duffer,bdufferpu@vistaprint.com,Male,1/23/1986
932,Edi,Caldecutt,ecaldecuttpv@chronoengine.com,Female,9/23/1982
933,Adrianne,Jagiello,ajagiellopw@skyrock.com,Female,8/9/2006
934,Alana,McNellis,amcnellispx@istockphoto.com,Female,11/22/2002
935,Paulo,Libbie,plibbiepy@disqus.com,Male,2/5/1989
936,Mariellen,McIan,mmcianpz@bigcartel.com,Female,8/17/2016
937,Valenka,Lillyman,vlillymanq0@nature.com,Female,9/21/2018
938,Juline,Renackowna,jrenackownaq1@si.edu,Female,10/21/1981
939,Dicky,Mussotti,dmussottiq2@is.gd,Male,9/18/2005
940,Elka,Curman,ecurmanq3@marriott.com,Female,10/30/1990
941,Scotty,Bastock,sbastockq4@sciencedirect.com,Male,3/18/2000
942,Innis,Edelman,iedelmanq5@a8.net,Male,12/6/2004
943,Elston,Lewsey,elewseyq6@163.com,Male,4/19/1980
944,Kleon,Ryhorovich,kryhorovichq7@businesswire.com,Male,9/9/1983
945,Reeta,Oswald,roswaldq8@fotki.com,Female,3/30/1977
946,Eddy,Addionisio,eaddionisioq9@networksolutions.com,Female,3/16/1984
947,Barnard,McNutt,bmcnuttqa@rambler.ru,Male,2/26/2022
948,Marillin,Vamplew,mvamplewqb@nifty.com,Female,7/4/1993
949,Jude,Heinonen,jheinonenqc@shinystat.com,Male,12/18/1995
950,Kizzie,Rabbitt,krabbittqd@gov.uk,Female,9/30/1994
951,Mureil,Inchboard,minchboardqe@over-blog.com,Female,5/9/1988
952,Jdavie,Shera,jsheraqf@wikispaces.com,Male,12/12/1987
953,Norris,Haverty,nhavertyqg@zdnet.com,Male,2/26/1975
954,Alison,Aliberti,aalibertiqh@ed.gov,Female,9/4/2011
955,Mindy,Overington,moveringtonqi@rambler.ru,Female,4/11/1980
956,Constancia,McCague,cmccagueqj@ezinearticles.com,Female,5/15/2017
957,Wolf,Goodliff,wgoodliffqk@cbslocal.com,Male,6/28/2003
958,Galven,Pashan,gpashanql@goo.ne.jp,Male,3/16/1987
959,Guglielmo,Whybrow,gwhybrowqm@last.fm,Male,6/14/2011
960,Genna,Vicarey,gvicareyqn@google.nl,Female,9/9/1976
961,Ruthanne,Crossgrove,rcrossgroveqo@addthis.com,Female,6/19/1983
962,Morley,Gunbie,mgunbieqp@npr.org,Male,12/14/1984
963,Chiquita,Flescher,cflescherqq@blogspot.com,Female,2/10/2009
964,Emyle,Kleinlerer,ekleinlererqr@simplemachines.org,Female,6/17/1994
965,Arley,July,ajulyqs@hibu.com,Male,7/22/1972
966,Jammie,Barthram,jbarthramqt@instagram.com,Female,8/30/2002
967,Abran,Hasted,ahastedqu@wikispaces.com,Male,12/4/2012
968,Wilhelm,Juggings,wjuggingsqv@themeforest.net,Male,10/5/1992
969,Kirby,Kettley,kkettleyqw@wsj.com,Female,2/22/2009
970,Ilene,Alessandone,ialessandoneqx@illinois.edu,Female,1/27/2004
971,Colleen,Pasek,cpasekqy@bizjournals.com,Genderqueer,2/26/1988
972,Audre,Chippindale,achippindaleqz@blogtalkradio.com,Female,11/1/2000
973,Gabriello,Houliston,ghoulistonr0@hugedomains.com,Male,3/10/2004
974,Becky,Casarino,bcasarinor1@mapy.cz,Female,12/12/2016
975,Alistair,Sheridan,asheridanr2@umn.edu,Male,8/8/2005
976,Clarisse,Ashlin,cashlinr3@icq.com,Female,3/31/1997
977,Dorrie,Garcia,dgarciar4@zdnet.com,Female,1/22/1971
978,Rycca,Farlowe,rfarlower5@jigsy.com,Female,10/13/1976
979,Ly,Hanne,lhanner6@jiathis.com,Male,10/8/2015
980,Stanley,McIntosh,smcintoshr7@bigcartel.com,Male,11/18/1984
981,Mark,Hawthorn,mhawthornr8@qq.com,Male,10/28/1974
982,Pansy,Ffrench,pffrenchr9@mozilla.org,Female,8/12/1982
983,Samuel,Di Angelo,sdiangelora@mozilla.com,Male,2/24/2021
984,Byron,Finden,bfindenrb@trellian.com,Male,3/31/1995
985,Allan,Berriball,aberriballrc@techcrunch.com,Male,3/27/1979
986,Shaine,Hargraves,shargravesrd@geocities.com,Female,9/30/1985
987,Robinett,Giorgioni,rgiorgionire@youtube.com,Female,2/21/2002
988,Emylee,Kenshole,ekensholerf@mail.ru,Female,4/3/1997
989,Vaclav,Deboy,vdeboyrg@dyndns.org,Male,4/27/2021
990,Hasty,Comiskey,hcomiskeyrh@dagondesign.com,Genderqueer,6/20/1993
991,Derwin,Guyonneau,dguyonneauri@mit.edu,Genderfluid,12/10/2006
992,Abbe,O'Keaveny,aokeavenyrj@pbs.org,Male,9/26/2021
993,Ward,Hasnip,whasniprk@dot.gov,Male,8/30/2017
994,Manolo,Heel,mheelrl@amazon.co.jp,Male,1/13/2007
995,Shalne,Lightwood,slightwoodrm@imageshack.us,Female,9/12/1972
996,Omero,Durman,odurmanrn@bloglovin.com,Male,9/12/1988
997,Maryjane,Radage,mradagero@bbc.co.uk,Female,7/26/2019
998,Felicia,Vousden,fvousdenrp@ocn.ne.jp,Female,1/29/2019
999,Janessa,Roberti,jrobertirq@rambler.ru,Bigender,3/28/2017
1000,Felicdad,Marsay,fmarsayrr@bloglines.com,Female,3/27/2016
